Course Title,Description,Curriculum,Title_clean,Description_clean
Frameworks for Effective Problem Solving,"This course provides structured approaches to problem-solving, equipping learners with frameworks to tackle complex challenges effectively.",18 lessons,frameworks for effective problem solving,this course provides structured approaches to problemsolving equipping learners with frameworks to tackle complex challenges effectively
Anyone can Build AI Agents - Free Course,"An introductory course designed to empower individuals to create AI agents, regardless of their prior experience.",5 lessons,anyone can build ai agents  free course,an introductory course designed to empower individuals to create ai agents regardless of their prior experience
A Comprehensive Learning Path to Become a Data Analyst in 2025,A detailed program outlining the essential skills and knowledge required to pursue a career as a data analyst by 2025.,298 lessons,a comprehensive learning path to become a data analyst in 2025,a detailed program outlining the essential skills and knowledge required to pursue a career as a data analyst by 2025
Reimagining GenAI: Common Mistakes and Best Practices for Success,This course delves into the common pitfalls in Generative AI and offers best practices to achieve success in the field.,6 lessons,reimagining genai common mistakes and best practices for success,this course delves into the common pitfalls in generative ai and offers best practices to achieve success in the field
Coding a ChatGPT-style Language Model from Scratch in PyTorch,A hands-on course guiding learners through the process of building a ChatGPT-like language model using PyTorch.,7 lessons,coding a chatgptstyle language model from scratch in pytorch,a handson course guiding learners through the process of building a chatgptlike language model using pytorch
Mastering Multilingual GenAI Open-Weights for Indic Languages,"This course focuses on mastering Generative AI models tailored for Indic languages, emphasizing open-weight models.",9 lessons,mastering multilingual genai openweights for indic languages,this course focuses on mastering generative ai models tailored for indic languages emphasizing openweight models
Learning Autonomous Driving Behaviors with LLMs & RL,An advanced course exploring the integration of Large Language Models and Reinforcement Learning in autonomous driving.,6 lessons,learning autonomous driving behaviors with llms  rl,an advanced course exploring the integration of large language models and reinforcement learning in autonomous driving
GenAI Applied to Quantitative Finance: For Control Implementation,"This course applies Generative AI techniques to quantitative finance, focusing on control implementation strategies.",5 lessons,genai applied to quantitative finance for control implementation,this course applies generative ai techniques to quantitative finance focusing on control implementation strategies
"Navigating LLM Tradeoffs: Techniques for Speed, Cost, Scale & Accuracy","A course that examines the trade-offs in Large Language Models, providing techniques to balance speed, cost, scale, and accuracy.",6 lessons,navigating llm tradeoffs techniques for speed cost scale  accuracy,a course that examines the tradeoffs in large language models providing techniques to balance speed cost scale and accuracy
